{
  "assetsByChunkName": {
    "vendors~app-account~app-cart~app-checkout~app-confirmation~app-order": [
      "chunk.0c5e6a9cee6751211122.js",
      "chunk.0c5e6a9cee6751211122.js.map"
    ],
    "vendors~app-account~app-checkout~app-confirmation~app-order": "chunk.47c3014517ad91f722aa.js",
    "vendors~app-account~app-confirmation~app-order": "chunk.e321f63d52ad3012fba4.js",
    "vendors~app-cart~app-checkout": "chunk.acd0368f2521b78c9fa6.js",
    "admin": [
      "admin.dd5c47b6450dbad61c0e.js",
      "admin.dd5c47b6450dbad61c0e.js.map"
    ],
    "app-account": "chunk.f3f941491976f8202194.js",
    "app-cart": "chunk.7c3a4f94aff9a656c4d8.js",
    "app-checkout": "chunk.9f5f92f799cf1b5deca4.js",
    "app-confirmation": "chunk.f3f056ff1e30b374fcb1.js",
    "app-order": "chunk.a0ecd42950b2f8d6ed6f.js",
    "checkout": [
      "checkout.d80bd3d433e152060f81.js",
      "checkout.d80bd3d433e152060f81.js.map"
    ],
    "storefront": [
      "storefront.709ef0ca2904cabbd297.css",
      "storefront.7117f72055425b1a4bae.js",
      "storefront.709ef0ca2904cabbd297.css.map",
      "storefront.7117f72055425b1a4bae.js.map"
    ],
    "vendors~app-cart": "chunk.7701828854ccc7f7c89a.js"
  }
}