{
  "marketing_stripe": {
    "text": "Seja uma Diva Revendedora! Faça seu cadastro aqui",
    "link": "https://docs.google.com/forms/d/e/1FAIpQLSdK1twJq3T6vWh1-fdW4fPzxn_7hiSOQeEz3xGSoz9VSSYOIg/viewform"
  },
  "contacts_stripe": {
    "pages": [
      {
        "title": "Seja uma Revendedora. Faça seu cadastro aqui",
        "link": "/pages/revendedor"
      }
    ],
    "phone_wpp": true,
    "socials": true
  },
  "categories_list": {
    "featured": [],
    "random": 5,
    "full_width": false
  },
  "search_input": true
}