{
  "meta_title": "",
  "meta_description": "",
  "sections": [
    {
      "type": "banner-slider",
      "autoplay": 2000,
      "slides": [
        {
          "start": "2023-06-01T11:59:12.715Z",
          "end": "",
          "mobile_img": "/img/uploads/1-2-2-.jpg",
          "img": "/img/uploads/1-1-2-.jpg",
          "link": "https://atacado.cristianeresende.com.br"
        },
        {
          "start": "",
          "end": "",
          "img": "/img/uploads/sintonia-4.jpg",
          "link": "https://cristianeresende.com.br/linha-angel",
          "mobile_img": "/img/uploads/sintonia-2.jpg"
        }
      ],
      "full_width": true
    },
    {
      "type": "banners-grid",
      "banners": []
    },
    {
      "type": "info-bar",
      "enabled": false
    },
    {
      "type": "collection-shelf",
      "shuffle": false,
      "title": "LANÇAMENTOS DO MÊS",
      "sort": "news"
    }
  ]
}